word, phoneme
A, AH0
A(1), EY1
A'S, EY1 Z
A., EY1
A.'S,EY1 Z
A.S,EY1 Z
A42128, EY1 F AO1 R T UW1 W AH1 N T UW1 EY1 T
AAA, T R IH2 P AH0 L EY1
AABERG, AA1 B ER0 G
AACHEN, AA1 K AH0 N
AACHENER, AA1 K AH0 N ER0
AAKER, AA1 K ER0
AALSETH, AA1 L S EH0 TH
AAMODT, AA1 M AH0 T
AANCOR, AA1 N K AO2 R
AARDEMA, AA0 R D EH1 M AH0
AARDVARK, AA1 R D V AA2 R K
AARON, EH1 R AH0 N
AARON'S, EH1 R AH0 N Z
AARONS, EH1 R AH0 N Z
AARONSON, EH1 R AH0 N S AH0 N
AARONSON(1), AA1 R AH0 N S AH0 N
AARONSON'S, EH1 R AH0 N S AH0 N Z
AARONSON'S(1), AA1 R AH0 N S AH0 N Z
AARTI, AA1 R T IY2
AASE, AA1 S
AASEN, AA1 S AH0 N
AB, AE1 B
AB(1), EY1 B IY1
ABABA, AH0 B AA1 B AH0
ABABA(1), AA1 B AH0 B AH0
ABACHA, AE1 B AH0 K AH0
ABACK, AH0 B AE1 K
ABACO, AE1 B AH0 K OW2
ABACUS, AE1 B AH0 K AH0 S
ABAD, AH0 B AA1 D
ABADAKA, AH0 B AE1 D AH0 K AH0
ABADI, AH0 B AE1 D IY0
ABADIE, AH0 B AE1 D IY0
ABAIR, AH0 B EH1 R
ABALKIN, AH0 B AA1 L K IH0 N
ABALONE, AE2 B AH0 L OW1 N IY0
ABALOS, AA0 B AA1 L OW0 Z
ABANDON, AH0 B AE1 N D AH0 N
ABANDONED, AH0 B AE1 N D AH0 N D
ABANDONING, AH0 B AE1 N D AH0 N IH0 NG
ABANDONMENT, AH0 B AE1 N D AH0 N M AH0 N T
ABANDONMENTS, AH0 B AE1 N D AH0 N M AH0 N T S
ABANDONS, AH0 B AE1 N D AH0 N Z
ABANTO, AH0 B AE1 N T OW0
ABARCA, AH0 B AA1 R K AH0
ABARE, AA0 B AA1 R IY0
ABASCAL, AE1 B AH0 S K AH0 L
ABASH, AH0 B AE1 SH
ABASHED, AH0 B AE1 SH T
ABASIA, AH0 B EY1 ZH Y AH0
ABATE, AH0 B EY1 T
ABATED, AH0 B EY1 T IH0 D
ABATEMENT, AH0 B EY1 T M AH0 N T
ABATEMENTS, AH0 B EY1 T M AH0 N T S
ABATES, AH0 B EY1 T S
ABATING, AH0 B EY1 T IH0 NG
ABBA, AE1 B AH0
ABBADO, AH0 B AA1 D OW0
ABBAS, AH0 B AA1 S
ABBASI, AA0 B AA1 S IY0
ABBATE, AA1 B EY0 T
ABBATIELLO, AA0 B AA0 T IY0 EH1 L OW0
ABBE, AE1 B IY0
ABBE(1), AE0 B EY1
ABBENHAUS, AE1 B AH0 N HH AW2 S
ABBETT, AH0 B EH1 T
ABBEVILLE, AE1 B V IH0 L
ABBEY, AE1 B IY0
ABBEY'S, AE1 B IY0 Z
ABBIE, AE1 B IY0
ABBITT, AE1 B IH0 T
ABBOT, AE1 B AH0 T
ABBOTSTOWN, AE1 B AH0 T S T AW1 N
ABBOTT, AE1 B AH0 T
ABBOTT'S, AE1 B AH0 T S
ABBOTTSTOWN, AE1 B AH0 T S T AW1 N
ABBOUD, AH0 B UW1 D
ABBOUD(1), AH0 B AW1 D
ABBREVIATE, AH0 B R IY1 V IY0 EY2 T
ABBREVIATED, AH0 B R IY1 V IY0 EY2 T AH0 D
ABBREVIATED(1), AH0 B R IY1 V IY0 EY2 T IH0 D
ABBREVIATES, AH0 B R IY1 V IY0 EY2 T S
ABBREVIATING, AH0 B R IY1 V IY0 EY2 T IH0 NG
ABBREVIATION, AH0 B R IY2 V IY0 EY1 SH AH0 N
ABBREVIATIONS, AH0 B R IY2 V IY0 EY1 SH AH0 N Z
ABBRUZZESE, AA0 B R UW0 T S EY1 Z IY0
ABBS, AE1 B Z
ABBY, AE1 B IY0
ABCO, AE1 B K OW0
ABCOTEK, AE1 B K OW0 T EH2 K
ABDALLA, AE2 B D AE1 L AH0
ABDALLAH, AE2 B D AE1 L AH0
ABDEL, AE1 B D EH2 L
